,City,Cloudiness (%),Country,Date,Humidity (%),Lat,Lng,Max Temp (F),Wind Speed (mph)
0,Bengkulu,100,ID,2020-10-25 16:41:45,88,-3.8,102.27,75.21799999999999,1.42
1,Samusu,,,,,,,,
2,Quang ngai,96,VN,2020-10-25 16:41:45,92,15.12,108.8,75.66799999999998,0.45
3,Rikitea,100,PF,2020-10-25 16:32:59,81,-23.12,-134.97,74.53399999999999,9.17
4,Saskylakh,100,RU,2020-10-25 16:41:45,93,71.92,114.08,8.293999999999972,5.03
5,Dikson,100,RU,2020-10-25 16:38:08,97,73.51,80.55,18.40999999999998,5.94
6,Ushuaia,40,AR,2020-10-25 16:32:09,46,-54.8,-68.3,53.86999999999996,1
7,Hilo,75,US,2020-10-25 16:39:18,66,19.73,-155.09,84.46999999999997,4.6
8,Bluff,57,NZ,2020-10-25 16:41:46,81,-46.6,168.33,48.272000000000034,3.13
9,Adrian,90,US,2020-10-25 16:38:52,61,41.9,-84.04,46.66999999999996,3.6
10,Busselton,0,AU,2020-10-25 16:32:11,64,-33.65,115.33,54.266000000000005,0.65
11,Albany,0,US,2020-10-25 16:30:59,41,42.6,-73.97,50.26999999999996,1.95
12,Lebu,0,CL,2020-10-25 16:41:46,61,-37.62,-73.65,53.95999999999998,4.09
13,Grindavik,75,IS,2020-10-25 16:38:23,81,63.84,-22.43,43.06999999999996,4.6
14,Cape town,0,ZA,2020-10-25 16:38:56,77,-33.93,18.42,63.266000000000005,8.7
15,Bredasdorp,100,ZA,2020-10-25 16:41:47,82,-34.53,20.04,62.86999999999996,2.6
16,Zyryanka,100,RU,2020-10-25 16:41:47,95,65.75,150.85,17.348000000000024,1.65
17,Kapaa,40,US,2020-10-25 16:37:57,74,22.08,-159.32,85.26199999999996,2.6
18,College,75,US,2020-10-25 16:38:35,79,64.86,-147.8,32.26999999999996,1.59
19,Byron bay,90,AU,2020-10-25 16:33:54,93,-28.65,153.62,66.46999999999997,3.6
20,Tukrah,60,LY,2020-10-25 16:41:47,76,32.53,20.58,72.48200000000003,3.27
21,Ribeira grande,75,PT,2020-10-25 16:37:02,77,38.52,-28.7,66.46999999999997,1.32
22,Qaanaaq,100,GL,2020-10-25 16:33:02,80,77.48,-69.36,12.938000000000045,5.37
23,Iqaluit,75,CA,2020-10-25 16:38:09,78,63.75,-68.51,10.669999999999959,2.6
24,Thompson,75,CA,2020-10-25 16:41:48,73,55.74,-97.86,25.069999999999958,3.6
25,Aklavik,90,CA,2020-10-25 16:41:48,79,68.22,-135.01,25.069999999999958,7.7
26,Verkhnyaya inta,92,RU,2020-10-25 16:41:48,94,65.98,60.31,18.89600000000005,4.12
27,Vaini,90,TO,2020-10-25 16:30:59,94,-21.2,-175.2,71.86999999999996,5.7
28,Barentsburg,,,,,,,,
29,Isangel,7,VU,2020-10-25 16:40:11,70,-19.55,169.27,77.576,4.75
30,Camapua,45,BR,2020-10-25 16:41:49,48,-19.53,-54.04,89.40199999999999,2.1
31,Jamestown,90,US,2020-10-25 16:41:49,64,42.1,-79.24,46.274000000000015,4.6
32,Aksarka,100,RU,2020-10-25 16:41:49,96,66.56,67.8,13.55,4.83
33,Mahajanga,40,MG,2020-10-25 16:41:49,78,-15.72,46.32,77.26999999999995,1
34,Codrington,0,AU,2020-10-25 16:38:18,73,-38.27,141.97,49.406000000000034,7.2
35,Amderma,,,,,,,,
36,Norman wells,90,CA,2020-10-25 16:41:50,100,65.28,-126.83,21.469999999999956,1.5
37,Cairns,24,AU,2020-10-25 16:41:50,83,-16.92,145.77,73.66999999999996,1
38,Barrow,90,US,2020-10-25 16:32:58,68,71.29,-156.79,26.86999999999996,2.1
39,Nan,92,TH,2020-10-25 16:41:50,84,18.83,100.67,66.27200000000005,0.42
40,Tocopilla,99,CL,2020-10-25 16:38:13,56,-22.09,-70.2,67.44200000000001,5.09
41,Grand river south east,,,,,,,,
42,Sentyabrskiy,,,,,,,,
43,La ronge,90,CA,2020-10-25 16:41:51,49,55.1,-105.28,26.86999999999996,4.1
44,Blythe,1,US,2020-10-25 16:41:51,26,33.61,-114.6,82.66999999999996,9.8
45,Perpignan,0,FR,2020-10-25 16:41:51,87,42.75,2.75,56.26400000000004,1.5
46,Muros,99,ES,2020-10-25 16:40:29,90,42.78,-9.06,50.26999999999996,1.79
47,Castro,1,BR,2020-10-25 16:37:17,81,-24.79,-50.01,69.60199999999998,2
48,Butaritari,72,KI,2020-10-25 16:32:58,70,3.07,172.79,81.44600000000005,4.25
49,Torbay,90,CA,2020-10-25 16:38:06,100,47.67,-52.73,42.27799999999996,6.2
50,San benito,76,US,2020-10-25 16:41:52,58,36.62,-121.08,64.27400000000002,1.79
51,Khatanga,93,RU,2020-10-25 16:41:52,95,71.97,102.5,6.7279999999999625,4.42
52,Kenora,75,CA,2020-10-25 16:41:52,68,49.82,-94.43,25.069999999999958,4.1
53,Paamiut,96,GL,2020-10-25 16:41:52,89,61.99,-49.67,35.780000000000044,9.67
54,Mataura,91,NZ,2020-10-25 16:33:01,89,-46.19,168.86,47.26400000000003,2.68
55,Hobart,75,AU,2020-10-25 16:41:52,75,-42.88,147.33,46.66999999999996,3.1
56,Tasiilaq,100,GL,2020-10-25 16:32:59,86,65.61,-37.64,30.46999999999996,2.87
57,Sungairaya,67,ID,2020-10-25 16:41:53,80,0.7,108.9,79.66400000000004,0.94
58,Patrocinio,49,BR,2020-10-25 16:41:53,85,-18.94,-46.99,71.58200000000002,3.11
59,Trincomalee,100,LK,2020-10-25 16:38:09,78,8.57,81.23,80.042,4.85
60,Kodiak,90,US,2020-10-25 16:41:53,87,57.79,-152.41,48.469999999999956,7.2
61,Yulara,47,AU,2020-10-25 16:41:53,36,-25.24,130.99,61.069999999999965,5.1
62,Aswan,0,EG,2020-10-25 16:40:49,32,24.09,32.91,75.86600000000001,6.38
63,Mezen,8,RU,2020-10-25 16:41:54,97,65.85,44.24,16.772000000000034,2.11
64,Punta arenas,75,CL,2020-10-25 16:31:13,75,-53.15,-70.92,46.66999999999996,2.6
65,Ahipara,5,NZ,2020-10-25 16:37:56,72,-35.17,173.17,65.49800000000002,2.86
66,Tiksi,100,RU,2020-10-25 16:41:54,90,71.69,128.87,5.14399999999997,13.41
67,Hermanus,86,ZA,2020-10-25 16:33:01,80,-34.42,19.23,61.26799999999999,0.45
68,Nanortalik,100,GL,2020-10-25 16:38:04,83,60.14,-45.24,36.122000000000035,6.52
69,Churapcha,0,RU,2020-10-25 16:41:54,92,62,132.43,5.467999999999982,1.89
70,Lavrentiya,96,RU,2020-10-25 16:38:26,90,65.58,-171,33.70999999999998,3.72
71,Port alfred,95,ZA,2020-10-25 16:41:55,80,-33.59,26.89,66.092,1.73
72,Waingapu,100,ID,2020-10-25 16:38:02,78,-9.66,120.26,78.60199999999998,1.95
73,Taolanaro,,,,,,,,
74,Aldan,100,RU,2020-10-25 16:41:55,91,58.6,125.39,29.20999999999998,3.49
75,Goderich,100,CA,2020-10-25 16:41:55,53,43.75,-81.72,49.26199999999996,4.18
76,Broken hill,90,AU,2020-10-25 16:36:57,81,-31.95,141.43,44.86999999999996,3.1
77,Beyneu,55,KZ,2020-10-25 16:41:55,81,45.32,55.2,57.038000000000046,5.31
78,Port blair,66,IN,2020-10-25 16:37:07,84,11.67,92.75,79.03399999999999,2.17
79,Atuona,0,PF,2020-10-25 16:41:56,75,-9.8,-139.03,79.19600000000005,8.83
80,Bonthe,11,SL,2020-10-25 16:41:56,82,7.53,-12.51,79.34000000000003,2.8
81,Sorland,75,NO,2020-10-25 16:38:16,86,67.67,12.69,39.469999999999956,3.6
82,Cidreira,5,BR,2020-10-25 16:38:05,86,-30.18,-50.21,69.74600000000005,10.25
83,Faanui,0,PF,2020-10-25 16:30:26,69,-16.48,-151.75,80.47400000000002,2.43
84,Attawapiskat,,,,,,,,
85,Mount isa,88,AU,2020-10-25 16:41:56,34,-20.73,139.5,68.26999999999995,4.6
86,Xinyu,74,CN,2020-10-25 16:41:56,71,27.8,114.93,60.242,0.83
87,Kudahuvadhoo,80,MV,2020-10-25 16:41:57,77,2.67,72.89,82.34600000000006,3.96
88,Tsumeb,32,NA,2020-10-25 16:41:57,22,-19.23,17.72,78.85399999999996,4.37
89,Upata,100,VE,2020-10-25 16:40:31,86,8.01,-62.4,78.54800000000003,1.39
90,Bethel,20,US,2020-10-25 16:41:57,54,41.37,-73.41,51.27799999999996,3.6
91,Illoqqortoormiut,,,,,,,,
92,Raga,60,SS,2020-10-25 16:41:57,67,8.46,25.68,73.74199999999999,1.41
93,Nikolskoye,90,RU,2020-10-25 16:41:57,93,59.7,30.79,43.26799999999999,2
94,Vila velha,90,BR,2020-10-25 16:37:47,94,-20.33,-40.29,73.66999999999996,3.1
95,Jalu,0,LY,2020-10-25 16:41:58,50,29.03,21.55,67.58599999999997,4.28
96,Provideniya,100,RU,2020-10-25 16:37:38,91,64.38,-173.3,33.69199999999999,1.32
97,Carnarvon,75,AU,2020-10-25 16:41:58,88,-24.87,113.63,70.06999999999996,7.7
98,Kaitangata,100,NZ,2020-10-25 16:41:58,92,-46.28,169.85,49.26199999999996,1.79
99,Kwakoa,26,TZ,2020-10-25 16:41:58,80,-3.77,37.72,69.60199999999998,2.07
100,Saldanha,31,ZA,2020-10-25 16:41:58,77,-33.01,17.94,59.26999999999996,4.1
101,Northam,0,GB,2020-10-25 16:37:58,91,51.03,-4.22,50.26999999999996,3.13
102,Souillac,75,MU,2020-10-25 16:41:59,83,-20.52,57.52,71.86999999999996,6.7
103,Inuvik,90,CA,2020-10-25 16:41:59,79,68.35,-133.72,25.069999999999958,7.7
104,Miri,40,MY,2020-10-25 16:37:02,94,4.41,114.01,75.46999999999997,4.1
105,New norfolk,3,AU,2020-10-25 16:41:59,72,-42.78,147.06,44.27599999999999,0.57
106,Merchweiler,20,DE,2020-10-25 16:41:59,93,49.35,7.05,51.27799999999996,1.5
107,Chuy,100,UY,2020-10-25 16:41:59,83,-33.7,-53.46,69.83599999999997,7.1
108,Tucumcari,90,US,2020-10-25 16:42:00,74,35.17,-103.72,37.66999999999996,10.3
109,Dunedin,100,NZ,2020-10-25 16:37:01,91,-45.87,170.5,46.274000000000015,1.79
110,Bideford,0,GB,2020-10-25 16:42:00,90,51.02,-4.2,50.26999999999996,3.13
111,Padang,100,ID,2020-10-25 16:38:47,72,-0.95,100.35,78.566,1.48
112,Alofi,100,NU,2020-10-25 16:37:31,84,-19.06,-169.92,75.46999999999997,7.74
113,Asau,100,RO,2020-10-25 16:42:00,98,46.43,26.4,53.27599999999999,0.72
114,Lemoore,1,US,2020-10-25 16:42:00,52,36.3,-119.78,70.26799999999999,4.1
115,Clyde river,90,CA,2020-10-25 16:42:01,78,70.47,-68.59,17.86999999999996,3.6
116,Meulaboh,100,ID,2020-10-25 16:33:00,83,4.14,96.13,76.19000000000003,1.86
117,Clarence town,90,AU,2020-10-25 16:42:01,100,-32.58,151.78,63.266000000000005,9.8
118,Bismarck,90,US,2020-10-25 16:42:01,67,46.81,-100.78,22.261999999999954,6.7
119,Leningradskiy,62,RU,2020-10-25 16:40:32,89,69.38,178.42,23.99000000000002,2.56
120,Grand gaube,49,MU,2020-10-25 16:39:25,82,-20.01,57.66,72.26600000000002,4.47
121,Astoria,1,US,2020-10-25 16:42:01,42,46.19,-123.83,47.26400000000003,7.7
122,Biak,100,ID,2020-10-25 16:42:01,76,-0.91,122.88,77.21600000000001,2.08
123,Ballina,90,AU,2020-10-25 16:42:02,93,-28.87,153.57,66.46999999999997,3.6
124,Mucurapo,40,TT,2020-10-25 16:42:02,74,10.67,-61.53,84.46999999999997,4.1
125,Klyuchi,100,RU,2020-10-25 16:38:16,83,52.27,79.17,39.36199999999995,6.52
126,Manggar,100,ID,2020-10-25 16:38:22,81,-2.88,108.27,81.14000000000001,2.78
127,Cockburn town,75,TC,2020-10-25 16:40:53,70,21.46,-71.14,84.46999999999997,6.2
128,Shache,100,CN,2020-10-25 16:37:38,49,38.42,77.24,44.258,2.32
129,Cuajinicuilapa,91,MX,2020-10-25 16:42:03,62,16.47,-98.42,88.91600000000001,3.37
130,Luwuk,100,ID,2020-10-25 16:42:03,72,-0.95,122.79,77.26999999999995,1.68
131,Nome,90,US,2020-10-25 16:38:15,86,64.5,-165.41,37.66999999999996,2.1
132,Saint-philippe,0,RE,2020-10-25 16:42:03,73,-21.36,55.77,70.06999999999996,2.6
133,Hasaki,75,JP,2020-10-25 16:42:03,100,35.73,140.83,46.66999999999996,0.5
134,Viedma,0,AR,2020-10-25 16:40:26,24,-40.81,-63,69.27799999999996,2.68
135,Yelnya,83,RU,2020-10-25 16:42:03,87,54.58,33.18,45.122000000000035,1.73
136,Omsukchan,100,RU,2020-10-25 16:42:04,96,62.53,155.8,23.14399999999997,2.06
137,Port elizabeth,100,ZA,2020-10-25 16:42:04,100,-33.92,25.57,62.86999999999996,4.1
138,Puerto ayora,20,EC,2020-10-25 16:42:04,69,-0.74,-90.35,79.06999999999996,5.1
139,Jinchang,99,CN,2020-10-25 16:38:32,58,38.5,102.17,42.008,2.21
140,Salima,2,MW,2020-10-25 16:42:04,65,-13.78,34.46,76.96400000000003,1.35
141,Letlhakeng,64,BW,2020-10-25 16:42:04,20,-24.09,25.03,80.27599999999998,3.01
142,Vao,8,NC,2020-10-25 16:42:05,78,-22.67,167.48,72.69800000000004,5.4
143,Opunake,48,NZ,2020-10-25 16:42:05,81,-39.46,173.86,64.27400000000002,3.13
144,Mahebourg,75,MU,2020-10-25 16:42:05,83,-20.41,57.7,71.86999999999996,6.7
145,Antofagasta,40,CL,2020-10-25 16:42:05,67,-23.65,-70.4,61.069999999999965,6.7
146,Changji,0,CN,2020-10-25 16:42:05,64,44.02,87.32,39.469999999999956,2
147,Nelson bay,90,AU,2020-10-25 16:42:06,100,-32.72,152.15,63.266000000000005,9.8
148,East london,98,ZA,2020-10-25 16:42:06,71,-33.02,27.91,67.226,1.5
149,Yellowknife,75,CA,2020-10-25 16:40:43,74,62.46,-114.35,30.46999999999996,1.5
150,Alyangula,90,AU,2020-10-25 16:42:06,94,-13.85,136.42,73.66999999999996,5.1
151,Banda aceh,100,ID,2020-10-25 16:37:54,72,5.56,95.32,80.41999999999996,4.73
152,Tete,0,MZ,2020-10-25 16:42:06,24,-16.16,33.59,91.66999999999996,6.2
153,Ruatoria,,,,,,,,
154,Port-gentil,40,GA,2020-10-25 16:42:07,78,-0.72,8.78,80.86999999999996,5.1
155,Moerai,66,PF,2020-10-25 16:42:07,79,-22.43,-151.33,72.53599999999997,9.27
156,Half moon bay,90,US,2020-10-25 16:42:07,72,37.46,-122.43,66.27200000000005,2.6
157,Saint-pierre,0,RE,2020-10-25 16:38:20,68,-21.34,55.48,70.06999999999996,2.1
158,Dingle,100,PH,2020-10-25 16:42:07,92,11,122.67,75.75800000000001,7.03
159,Merauke,58,ID,2020-10-25 16:42:07,82,-8.47,140.33,77.91799999999998,4.1
160,Avarua,61,CK,2020-10-25 16:42:07,73,-21.21,-159.78,75.46999999999997,5.1
161,Saint george,59,US,2020-10-25 16:41:54,25,37.1,-113.58,73.66999999999996,8.2
162,Kavaratti,99,IN,2020-10-25 16:37:27,77,10.57,72.64,81.75199999999998,3.6
163,Chapais,75,CA,2020-10-25 16:42:08,63,49.78,-74.85,30.46999999999996,3.1
164,Richards bay,94,ZA,2020-10-25 16:42:08,80,-28.78,32.04,71.43800000000005,5.82
165,Troitskoye,100,RU,2020-10-25 16:42:08,92,52.98,84.68,34.141999999999996,8.79
166,Nizhneyansk,,,,,,,,
167,Lagoa,37,PT,2020-10-25 16:42:08,62,39.05,-27.98,64.32799999999997,1.88
168,Georgetown,40,MY,2020-10-25 16:41:03,94,5.41,100.34,77.26999999999995,1.84
169,Taoudenni,0,ML,2020-10-25 16:42:09,13,22.68,-3.98,87.96199999999996,3.7
170,Maningrida,54,AU,2020-10-25 16:42:09,76,-12.07,134.27,79.484,0.28
171,Abu samrah,4,SY,2020-10-25 16:42:09,28,35.3,37.18,64.54399999999998,1.43
172,Umm lajj,0,SA,2020-10-25 16:42:09,53,25.02,37.27,79.53800000000004,1.91
173,Aykhal,0,RU,2020-10-25 16:38:02,91,66,111.5,-3.7299999999999898,1
174,The valley,20,AI,2020-10-25 16:38:05,83,18.22,-63.06,86.26999999999995,9.8
175,Seoul,1,KR,2020-10-25 16:38:39,100,37.57,126.98,43.06999999999996,0.28
176,Villa rica,73,US,2020-10-25 16:42:10,82,33.73,-84.92,72.26600000000002,1.67
177,Moyamba,0,SL,2020-10-25 16:42:10,95,8.17,-12.43,75.65,1.32
178,Rolim de moura,,,,,,,,
179,Poum,20,NC,2020-10-25 16:40:48,75,-20.23,164.02,77.26999999999995,6.7
180,Barguzin,100,RU,2020-10-25 16:42:10,93,53.62,109.62,28.688000000000045,5.28
181,Tera,0,NE,2020-10-25 16:42:10,13,14.01,0.75,86.46799999999999,3.71
182,Warri,89,NG,2020-10-25 16:38:55,91,5.52,5.75,76.76600000000002,1.45
183,Belushya guba,,,,,,,,
184,Sarh,47,TD,2020-10-25 16:42:11,49,9.14,18.39,77.71999999999997,1.23
185,Takoradi,100,GH,2020-10-25 16:38:31,90,4.88,-1.76,78.02599999999998,4.05
186,Broome,90,US,2020-10-25 16:28:19,45,42.25,-75.83,52.26799999999999,1.5
187,Tsihombe,,,,,,,,
188,Talcahuano,0,CL,2020-10-25 16:42:11,51,-36.72,-73.12,61.069999999999965,7.2
189,Tuktoyaktuk,90,CA,2020-10-25 16:38:09,92,69.45,-133.04,23.26999999999996,11.8
190,Hamilton,90,US,2020-10-25 16:42:11,66,39.18,-84.53,54.266000000000005,4.1
191,Limon,75,CR,2020-10-25 16:42:12,74,10,-83.03,86.26999999999995,4.1
192,Sao filipe,93,CV,2020-10-25 16:42:12,60,14.9,-24.5,83.48000000000005,7.79
193,Hof,70,DE,2020-10-25 16:42:12,87,50.32,11.92,49.26199999999996,2.68
194,Sitka,90,US,2020-10-25 16:42:12,75,57.05,-135.33,43.06999999999996,6.7
195,Saint-augustin,3,CA,2020-10-25 16:42:12,80,51.23,-58.65,34.44800000000002,5.65
196,Fernandopolis,97,BR,2020-10-25 16:42:12,62,-20.28,-50.25,83.55199999999998,2.91
197,Garmsar,0,IR,2020-10-25 16:42:12,36,35.22,52.34,57.938000000000045,1.3
198,Arraial do cabo,75,BR,2020-10-25 16:28:19,78,-22.97,-42.03,73.66999999999996,3.1
199,Altay,60,CN,2020-10-25 16:42:13,71,47.87,88.12,27.57200000000004,0.78
200,Klaksvik,14,FO,2020-10-25 16:42:13,81,62.23,-6.59,46.66999999999996,3.6
201,Djougou,4,BJ,2020-10-25 16:42:13,45,9.71,1.67,76.81999999999996,1.24
202,Merke,40,KZ,2020-10-25 16:42:13,49,42.87,73.18,47.498000000000026,2.41
203,Wamba,67,NG,2020-10-25 16:42:13,81,8.93,8.6,74.82200000000003,0.54
204,Esperance,0,AU,2020-10-25 16:31:13,76,-33.87,121.9,52.069999999999965,8.2
205,Moron,75,AR,2020-10-25 16:42:14,94,-34.65,-58.62,73.27400000000002,1.5
206,Shingu,78,JP,2020-10-25 16:38:24,74,33.73,135.98,52.12400000000001,2.22
207,Marzuq,0,YE,2020-10-25 16:42:14,33,14.4,46.47,64.50800000000001,1.08
208,Tumannyy,,,,,,,,
209,Oranjemund,23,NA,2020-10-25 16:42:14,87,-28.55,16.43,59.108000000000004,7.85
210,Chicama,40,PE,2020-10-25 16:42:14,82,-7.84,-79.15,64.66999999999996,6.7
211,Itarema,64,BR,2020-10-25 16:32:59,76,-2.92,-39.92,80.726,7.53
212,Santo antonio do leverger,20,BR,2020-10-25 16:42:15,34,-15.87,-56.08,97.06999999999996,5.7
213,Topolobampo,5,MX,2020-10-25 16:42:15,46,25.6,-109.05,97.26799999999999,5.1
214,Lavumisa,88,SZ,2020-10-25 16:42:15,70,-27.31,31.89,73.30999999999997,3.04
215,Port hawkesbury,90,CA,2020-10-25 16:40:50,75,45.62,-61.35,42.27799999999996,3.6
216,Prieska,18,ZA,2020-10-25 16:42:15,18,-29.66,22.75,77.09000000000003,0.47
217,Letlhakane,100,BW,2020-10-25 16:42:15,21,-21.42,25.58,80.45600000000003,4.19
218,Tias,20,ES,2020-10-25 16:42:16,64,28.96,-13.64,70.06999999999996,6.2
219,Ozernovskiy,85,RU,2020-10-25 16:40:17,79,51.5,156.52,44.47400000000001,3.44
220,Blackwater,0,AU,2020-10-25 16:42:16,62,-23.58,148.88,71.95999999999998,3.39
221,Havre-saint-pierre,75,CA,2020-10-25 16:42:16,44,50.23,-63.6,37.66999999999996,6.2
222,Faya,0,SA,2020-10-25 16:42:16,20,18.39,42.45,64.66999999999996,2.6
223,Mar del plata,90,AR,2020-10-25 16:42:16,100,-38,-57.56,62.86999999999996,1.5
224,Touros,40,BR,2020-10-25 16:42:16,74,-5.2,-35.46,82.66999999999996,6.7
225,Berdigestyakh,100,RU,2020-10-25 16:37:20,93,62.1,126.7,22.92799999999996,3.66
226,Urengoy,0,RU,2020-10-25 16:42:17,95,65.97,78.37,8.348000000000024,4.14
227,Srednekolymsk,61,RU,2020-10-25 16:42:17,91,67.45,153.68,11.624000000000013,0.43
228,Lasem,91,ID,2020-10-25 16:42:17,86,-6.69,111.45,78.70999999999998,2.73
229,Florianopolis,75,BR,2020-10-25 16:42:17,88,-27.61,-48.5,73.66999999999996,4.1
230,Saint-alexandre,90,FR,2020-10-25 16:42:17,63,44.23,4.62,64.66999999999996,8.2
231,Batticaloa,99,LK,2020-10-25 16:42:17,74,7.71,81.69,80.86999999999996,0.41
232,Hambantota,100,LK,2020-10-25 16:42:17,81,6.12,81.12,78.90800000000002,5.22
233,Algarrobo,94,CO,2020-10-25 16:42:18,72,10.19,-74.58,89.27599999999998,2.68
234,Fortuna,20,US,2020-10-25 16:33:01,71,40.6,-124.16,59.26999999999996,3.1
235,Zacatecas,5,MX,2020-10-25 16:42:18,22,23,-103,79.06999999999996,3.42
236,Pangnirtung,20,CA,2020-10-25 16:42:18,67,66.15,-65.71,17.86999999999996,1
237,Deep river,1,CA,2020-10-25 16:42:18,38,46.1,-77.5,41.26999999999996,2.1
238,Okhotsk,82,RU,2020-10-25 16:38:36,88,59.38,143.3,32.18000000000004,10.59
239,Sobolevo,74,RU,2020-10-25 16:38:23,90,54.43,31.9,45.37400000000001,2.04
240,Salalah,0,OM,2020-10-25 16:39:09,57,17.02,54.09,77.26999999999995,2.1
241,Te anau,100,NZ,2020-10-25 16:42:19,84,-45.42,167.72,44.88800000000005,1.98
242,Ponta delgada,20,PT,2020-10-25 16:42:19,72,37.73,-25.67,62.86999999999996,1.5
243,Bloemfontein,90,ZA,2020-10-25 16:42:19,33,-29.12,26.21,77.26999999999995,4.1
244,Vanimo,100,PG,2020-10-25 16:42:19,80,-2.67,141.3,78.87200000000004,0.35
245,Suicheng,51,CN,2020-10-25 16:42:19,76,33.9,117.93,54.68000000000004,1.49
246,Longyearbyen,75,SJ,2020-10-25 16:32:59,74,78.22,15.64,30.46999999999996,4.6
247,Kaniama,95,CD,2020-10-25 16:42:20,93,-7.57,24.18,68.75600000000003,1.89
248,Methven,100,NZ,2020-10-25 16:42:20,96,-43.63,171.65,49.26199999999996,1.89
249,Sao joao da barra,90,BR,2020-10-25 16:38:53,94,-21.64,-41.05,71.86999999999996,3.6
250,Tucuman,40,AR,2020-10-25 16:42:20,39,-26.82,-65.22,97.06999999999996,6.2
251,Praia da vitoria,40,PT,2020-10-25 16:38:27,82,38.73,-27.07,63.266000000000005,2.81
252,Muli,90,MV,2020-10-25 16:41:56,80,2.92,73.57,82.058,4.11
253,San cristobal,40,VE,2020-10-25 16:42:20,58,7.77,-72.22,86.26999999999995,4.6
254,Bambous virieux,75,MU,2020-10-25 16:32:56,83,-20.34,57.76,71.86999999999996,6.7
255,Marcona,,,,,,,,
256,Vallenar,0,CL,2020-10-25 16:42:21,15,-28.57,-70.76,82.65199999999999,3.42
257,Geraldton,0,AU,2020-10-25 16:42:21,87,-28.77,114.6,57.469999999999956,1
258,Hithadhoo,37,MV,2020-10-25 16:30:24,70,-0.6,73.08,83.26400000000004,2.53
259,Zhuanghe,0,CN,2020-10-25 16:42:21,80,39.7,122.99,49.67599999999999,1.29
260,Lebanon,90,US,2020-10-25 16:42:05,82,36.21,-86.29,63.266000000000005,1.45
261,Alugan,100,PH,2020-10-25 16:42:21,83,12.22,125.48,80.43800000000005,7.26
262,Iskateley,7,RU,2020-10-25 16:42:21,96,67.68,53.15,15.475999999999988,4.83
263,Tual,100,ID,2020-10-25 16:40:08,71,-5.67,132.75,82.59800000000003,3.76
264,Tuatapere,88,NZ,2020-10-25 16:42:22,81,-46.13,167.68,48.272000000000034,3.13
265,Naifaru,99,MV,2020-10-25 16:42:22,77,5.44,73.37,81.57200000000003,5.37
266,Saint-medard-en-jalles,100,FR,2020-10-25 16:42:22,93,44.9,-0.72,55.274000000000015,3.1
267,Narsaq,100,GL,2020-10-25 16:38:22,64,60.92,-46.05,39.469999999999956,11.3
268,Sumbe,85,AO,2020-10-25 16:42:22,85,-11.21,13.84,76.00999999999999,1.58
269,Vestmanna,5,FO,2020-10-25 16:42:22,81,62.16,-7.17,46.66999999999996,3.6
270,Utraula,0,IN,2020-10-25 16:42:22,34,27.32,82.42,68.46799999999999,1.73
271,Airai,98,TL,2020-10-25 16:42:23,100,-8.93,125.41,61.73599999999997,0.64
272,Necochea,100,AR,2020-10-25 16:37:34,93,-38.55,-58.74,62.27599999999999,0.89
273,Kastamonu,100,TR,2020-10-25 16:42:23,38,41.5,33.67,58.26199999999996,0.6
274,Bridlington,56,GB,2020-10-25 16:42:23,76,54.08,-0.19,48.469999999999956,5.1
275,Yuzhno-yeniseyskiy,,,,,,,,
276,Acarau,51,BR,2020-10-25 16:42:23,75,-2.89,-40.12,81.14000000000001,8.42
277,Birnin kebbi,10,NG,2020-10-25 16:42:24,23,12.45,4.2,82.75999999999999,2.84
278,Menomonie,100,US,2020-10-25 16:42:24,86,44.88,-91.92,28.27400000000001,2.1
279,Khandyga,0,RU,2020-10-25 16:38:09,93,62.67,135.6,5.377999999999961,0.77
280,Prince rupert,90,CA,2020-10-25 16:38:40,60,54.32,-130.32,39.469999999999956,3.6
281,Tahe,100,CN,2020-10-25 16:42:24,95,52.33,124.73,29.767999999999983,1.2
282,Moussoro,71,TD,2020-10-25 16:42:24,15,13.64,16.49,83.82200000000003,5.44
283,Ketchikan,90,US,2020-10-25 16:40:09,93,55.34,-131.65,37.66999999999996,7.2
284,Upernavik,63,GL,2020-10-25 16:42:24,76,72.79,-56.15,14.125999999999987,2
285,Hinton,100,CA,2020-10-25 16:42:25,82,53.4,-117.59,33.061999999999955,3.83
286,Yumen,74,CN,2020-10-25 16:37:33,83,40.28,97.2,31.60399999999995,4.49
287,Stadtallendorf,90,DE,2020-10-25 16:42:25,84,50.83,9.02,53.27599999999999,0.45
288,Pampas,38,PE,2020-10-25 16:42:25,46,-12.4,-74.9,63.53599999999997,4.14
289,Rocha,100,UY,2020-10-25 16:42:25,82,-34.48,-54.33,72.734,4.96
290,Hay river,75,CA,2020-10-25 16:42:25,63,60.82,-115.8,26.86999999999996,5.1
291,Muyezerskiy,75,RU,2020-10-25 16:42:26,98,63.93,31.65,29.282000000000018,1.73
292,Lamu,20,KE,2020-10-25 16:42:26,78,-2.27,40.9,80.86999999999996,2.1
293,Erzin,0,TR,2020-10-25 16:42:26,53,36.96,36.2,76.26199999999996,4.02
294,Yako,17,BF,2020-10-25 16:42:26,15,12.97,-2.27,82.65199999999999,2.95
295,Buchanan,75,LR,2020-10-25 16:42:26,94,5.88,-10.05,79.06999999999996,2.79
296,Severo-kurilsk,92,RU,2020-10-25 16:42:26,85,50.68,156.12,44.041999999999994,1.69
297,Los llanos de aridane,40,ES,2020-10-25 16:42:26,64,28.66,-17.92,71.86999999999996,7.2
298,Balakhta,100,RU,2020-10-25 16:42:27,84,55.38,91.6,31.117999999999984,4.46
299,Port hedland,100,AU,2020-10-25 16:38:04,88,-20.32,118.57,70.06999999999996,3.6
300,Longlac,,,,,,,,
301,Anadyr,90,RU,2020-10-25 16:40:25,100,64.75,177.48,23.26999999999996,2
302,Camacha,20,PT,2020-10-25 16:42:27,72,33.08,-16.33,68.26999999999995,5.1
303,La rioja,20,ES,2020-10-25 16:42:27,87,42.25,-2.5,54.266000000000005,3.6
304,Chokurdakh,0,RU,2020-10-25 16:42:27,92,70.63,147.92,6.043999999999972,4.13
305,Nouadhibou,100,MR,2020-10-25 16:42:27,60,20.93,-17.03,75.46999999999997,6.2
306,Mount gambier,4,AU,2020-10-25 16:42:28,87,-37.83,140.77,44.86999999999996,4.6
307,Luisiana,56,US,2020-10-25 16:42:28,78,31,-92,68.26999999999995,0.89
308,Grants pass,1,US,2020-10-25 16:42:28,10,42.44,-123.33,56.26400000000004,4.6
309,Kargasok,99,RU,2020-10-25 16:42:28,98,59.06,80.86,26.185999999999968,4.81
310,Itaocara,100,BR,2020-10-25 16:40:58,83,-21.67,-42.08,70.23200000000003,1.43
311,Kawana waters,,,,,,,,
312,Villa carlos paz,57,AR,2020-10-25 16:42:29,57,-31.42,-64.5,65.26400000000004,1.34
313,Kalmunai,100,LK,2020-10-25 16:42:29,76,7.42,81.82,80.34800000000003,0.75
314,San patricio,75,US,2020-10-25 16:42:29,66,28.02,-97.52,84.46999999999997,7.7
315,Evensk,100,RU,2020-10-25 16:42:29,92,61.95,159.23,32.846000000000046,6.14
316,Oban,99,GB,2020-10-25 16:42:29,79,56.41,-5.47,51.27799999999996,7.15
317,Andevoranto,,,,,,,,
318,Tautira,75,PF,2020-10-25 16:42:29,74,-17.73,-149.15,82.66999999999996,3.6
319,Nantucket,20,US,2020-10-25 16:42:30,62,41.28,-70.1,52.069999999999965,7.2
320,Sansai,,,,,,,,
321,Harman,100,RO,2020-10-25 16:42:30,88,45.72,25.68,52.26799999999999,1.16
322,Inhambane,0,MZ,2020-10-25 16:42:30,89,-23.86,35.38,73.13000000000005,3.4
323,Ust-kuyga,1,RU,2020-10-25 16:38:01,91,70.02,135.6,2.1199999999999584,3.35
324,Laguna,20,US,2020-10-25 16:42:30,55,38.42,-121.42,69.27799999999996,6.2
325,Jutai,100,BR,2020-10-25 16:42:30,78,-5.18,-68.9,82.45399999999995,1.94
326,Verkhnevilyuysk,100,RU,2020-10-25 16:42:31,95,63.45,120.32,19.85,3.86
327,Lazaro cardenas,37,MX,2020-10-25 16:42:31,73,17.96,-102.2,86.16199999999995,4.68
328,Leshukonskoye,96,RU,2020-10-25 16:42:31,98,64.9,45.76,24.53000000000004,1.82
329,Scharbeutz,75,DE,2020-10-25 16:42:31,100,54.03,10.75,53.86999999999996,3.1
330,Cadca,75,SK,2020-10-25 16:42:31,100,49.44,18.79,50.26999999999996,1
331,Saint-joseph,0,RE,2020-10-25 16:42:31,73,-21.37,55.62,70.06999999999996,2.6
332,Buala,99,SB,2020-10-25 16:37:58,75,-8.14,159.59,81.95,0.38
333,Vigrestad,25,NO,2020-10-25 16:42:31,90,58.57,5.7,48.272000000000034,0.45
334,Katherine,90,AU,2020-10-25 16:40:16,74,-14.47,132.27,79.06999999999996,3.6
335,Egvekinot,0,RU,2020-10-25 16:42:32,95,66.32,-179.17,21.29000000000002,0.82
336,Husavik,75,IS,2020-10-25 16:42:32,75,66.04,-17.34,43.06999999999996,6.2
337,Mugumu,79,TZ,2020-10-25 16:42:32,81,-1.85,34.7,66.05600000000004,0.74
338,Umtata,63,ZA,2020-10-25 16:42:32,67,-31.59,28.78,62.86999999999996,1.5
339,Paka,100,MY,2020-10-25 16:41:13,100,4.64,103.44,73.66999999999996,0.5
340,Itatuba,36,BR,2020-10-25 16:42:32,74,-7.38,-35.63,78.02599999999998,4.42
341,Mys shmidta,,,,,,,,
342,Japura,100,ID,2020-10-25 16:42:33,86,-0.32,102.35,73.184,1.17
343,Sioux lookout,75,CA,2020-10-25 16:38:11,53,50.1,-91.92,26.86999999999996,4.1
344,Suez,0,EG,2020-10-25 16:37:34,70,29.97,32.53,70.77200000000005,3.53
345,Sidi qasim,,,,,,,,
346,Maceio,0,BR,2020-10-25 16:40:38,74,-9.67,-35.74,80.86999999999996,3.6
347,Santa cruz de tenerife,20,ES,2020-10-25 16:42:33,82,28.47,-16.25,63.266000000000005,4.6
348,Tazovskiy,0,RU,2020-10-25 16:42:33,95,67.47,78.7,6.314000000000032,2.85
349,Kungurtug,0,RU,2020-10-25 16:41:03,82,50.6,97.52,13.946000000000048,1.45
350,Urfa,,,,,,,,
351,Hirara,99,JP,2020-10-25 16:39:07,67,24.8,125.28,75.95600000000003,6.84
352,Itoman,40,JP,2020-10-25 16:42:34,73,26.12,127.67,71.86999999999996,3.6
353,Puerto escondido,40,MX,2020-10-25 16:42:34,66,15.85,-97.07,86.26999999999995,2.1
354,Fukue,0,JP,2020-10-25 16:39:43,59,32.69,128.84,65.75,5.19
355,Haines junction,100,CA,2020-10-25 16:42:34,89,60.75,-137.51,29.858000000000004,0.78
356,Ntungamo,100,UG,2020-10-25 16:42:35,90,-0.88,29.65,66.092,1.08
357,Gorno-chuyskiy,,,,,,,,
358,Beringovskiy,58,RU,2020-10-25 16:42:35,93,63.05,179.32,30.55999999999998,1.36
359,Rio branco,40,BR,2020-10-25 16:41:17,52,-9.97,-67.81,93.46999999999997,6.2
360,Puerto suarez,27,BO,2020-10-25 16:42:35,60,-18.95,-57.8,97.06999999999996,0.99
361,Aanekoski,90,FI,2020-10-25 16:42:35,93,62.69,25.82,38.26400000000003,3.6
362,Phan rang,,,,,,,,
363,Gazanjyk,0,TM,2020-10-25 16:42:36,38,39.24,55.52,58.567999999999984,1.36
364,Victoria,100,HK,2020-10-25 16:39:24,80,22.29,114.16,74.26400000000004,7.28
365,Karimganj,22,IN,2020-10-25 16:42:36,92,24.87,92.35,71.924,0.97
366,Palabuhanratu,,,,,,,,
367,Derzhavinsk,100,KZ,2020-10-25 16:42:36,69,51.1,66.32,50.233999999999995,9.11
368,Sal rei,75,CV,2020-10-25 16:42:36,61,16.18,-22.92,82.66999999999996,9.3
369,Shelburne,1,CA,2020-10-25 16:41:37,56,44.08,-80.2,46.274000000000015,2.1
370,Dinghai,0,CN,2020-10-25 16:42:37,72,26.28,119.79,66.46999999999997,3
371,Biu,8,NG,2020-10-25 16:42:37,28,10.61,12.19,74.55199999999998,3.13
372,Mirnyy,100,RU,2020-10-25 16:42:37,86,62.54,113.96,18.446000000000048,2.79
373,Ambilobe,0,MG,2020-10-25 16:38:59,68,-13.2,49.05,72.10399999999996,2.92
374,Singleton,100,AU,2020-10-25 16:42:37,88,-32.57,151.18,61.26799999999999,2.24
375,Shimoda,100,JP,2020-10-25 16:42:37,91,34.67,138.95,51.27799999999996,3.14
376,Konza,75,KE,2020-10-25 16:42:37,93,-1.74,37.13,64.66999999999996,4.1
377,Guerrero negro,39,MX,2020-10-25 16:42:38,60,27.98,-114.06,72.87799999999996,7.3
378,Pevek,100,RU,2020-10-25 16:42:38,97,69.7,170.31,26.86999999999996,3.82
379,Tanete,61,ID,2020-10-25 16:42:38,88,-3.94,119.78,74.066,1.24
380,Maunabo,8,PR,2020-10-25 16:42:38,100,18.01,-65.9,85.26199999999996,1.79
381,Kathu,75,TH,2020-10-25 16:42:38,94,7.92,98.33,83.26400000000004,4.07
382,Morondava,0,MG,2020-10-25 16:42:38,62,-20.28,44.28,76.35199999999998,5.21
383,Uyemskiy,90,RU,2020-10-25 16:42:39,92,64.47,40.85,30.46999999999996,2
384,Areia branca,2,BR,2020-10-25 16:42:39,75,-4.96,-37.14,81.26600000000002,9.58
385,Ozuluama,75,MX,2020-10-25 16:42:39,70,21.67,-97.85,86.26999999999995,4.1
386,Ilulissat,58,GL,2020-10-25 16:42:39,52,69.22,-51.1,16.069999999999958,3.1
387,Springfield,90,US,2020-10-25 16:37:47,75,37.22,-93.3,48.272000000000034,3.1
388,El castillo,59,MX,2020-10-25 16:42:39,66,19.53,-96.85,75.48800000000006,2.2
389,Tatawin,1,TN,2020-10-25 16:42:40,64,32.93,10.45,68.26999999999995,2.6
390,Fare,0,PF,2020-10-25 16:42:40,72,-16.7,-151.02,80.63599999999997,3.27
391,Kanniyakumari,72,IN,2020-10-25 16:42:40,80,8.08,77.57,79.28599999999997,6.19
392,Ouricuri,43,BR,2020-10-25 16:39:31,32,-7.88,-40.08,87.44000000000003,0.73
393,Sabha,0,LY,2020-10-25 16:42:40,35,27.04,14.43,67.85600000000002,1.75
394,Glenwood springs,90,US,2020-10-25 16:42:40,100,39.55,-107.32,34.26799999999999,6.7
395,Birao,96,CF,2020-10-25 16:42:40,35,10.28,22.79,81.69800000000004,1.06
396,Hachinohe,75,JP,2020-10-25 16:42:41,71,40.5,141.5,50.26999999999996,2.6
397,Jiaonan,65,CN,2020-10-25 16:42:41,87,35.88,119.98,48.469999999999956,0.56
398,Big rapids,90,US,2020-10-25 16:42:41,60,43.7,-85.48,43.26799999999999,1.31
399,Hofn,100,IS,2020-10-25 16:42:41,75,64.25,-15.21,44.41999999999996,5.91
400,Matto,,,,,,,,
401,Pundaguitan,100,PH,2020-10-25 16:42:41,74,6.37,126.17,82.66999999999996,2.78
402,Plouzane,20,FR,2020-10-25 16:42:41,81,48.38,-4.62,48.469999999999956,5.1
403,Esso,51,RU,2020-10-25 16:42:42,95,55.93,158.7,28.885999999999967,1.46
404,Vichy,100,FR,2020-10-25 16:42:42,93,46.25,3.58,52.26799999999999,1.5
405,Sayyan,0,YE,2020-10-25 16:42:42,35,15.17,44.32,51.674000000000014,1.21
406,Hokitika,100,NZ,2020-10-25 16:42:42,96,-42.72,170.97,59.648000000000025,6.53
407,Olafsvik,100,IS,2020-10-25 16:40:24,81,64.89,-23.71,42.872000000000035,12.01
408,Palimbang,100,PH,2020-10-25 16:42:42,79,6.21,124.19,78.06199999999995,1.28
409,Bubaque,14,GW,2020-10-25 16:42:42,80,11.28,-15.83,84.10999999999999,5.08
410,Tuggurt,,,,,,,,
411,Vredendal,82,ZA,2020-10-25 16:40:16,66,-31.67,18.5,63.57200000000004,4.98
412,Lushunkou,,,,,,,,
413,Cabedelo,20,BR,2020-10-25 16:40:42,78,-6.98,-34.83,80.86999999999996,4.1
414,Pisco,0,PE,2020-10-25 16:37:48,64,-13.7,-76.22,70.26799999999999,8.7
415,Hukuntsi,100,BW,2020-10-25 16:42:43,33,-24,21.75,80.88800000000005,3.24
416,Katsuura,75,JP,2020-10-25 16:37:57,71,35.13,140.3,57.469999999999956,1.5
417,Lompoc,90,US,2020-10-25 16:38:27,59,34.64,-120.46,66.46999999999997,4.1
418,Chara,100,RU,2020-10-25 16:42:44,89,56.91,118.26,28.79600000000005,0.35
419,Uige,100,AO,2020-10-25 16:42:44,95,-7.61,15.06,69.42200000000004,0.82
420,Mahon,40,ES,2020-10-25 16:38:37,77,39.89,4.27,66.46999999999997,8.2
421,Mogadishu,93,SO,2020-10-25 16:42:44,82,2.04,45.34,80.33000000000004,4.77
422,Conceicao do araguaia,99,BR,2020-10-25 16:42:44,55,-8.26,-49.26,87.87200000000004,0.46
423,Cabra,90,ES,2020-10-25 16:42:44,72,37.47,-4.44,64.66999999999996,6.2
424,Quthing,100,LS,2020-10-25 16:42:44,53,-30.4,27.7,70.484,2.19
425,Ahuimanu,40,US,2020-10-25 16:42:45,70,21.44,-157.84,84.46999999999997,2.1
426,Nishihara,20,JP,2020-10-25 16:38:24,82,26.18,127.76,71.86999999999996,1.5
427,Jiamusi,0,CN,2020-10-25 16:39:05,84,46.83,130.35,36.122000000000035,2.06
428,Nchelenge,45,ZM,2020-10-25 16:42:45,57,-9.35,28.73,79.62799999999996,2.64
429,Araguatins,,,,,,,,
430,Petropavlovsk-kamchatskiy,90,RU,2020-10-25 16:38:23,100,53.05,158.65,39.469999999999956,2
431,Boca do acre,50,BR,2020-10-25 16:42:45,48,-8.75,-67.4,90.30199999999998,2.66
432,Gogrial,38,SS,2020-10-25 16:42:46,58,8.53,28.1,79.60999999999999,0.29
433,Caravelas,100,BR,2020-10-25 16:42:46,97,-17.71,-39.25,73.47200000000004,3.1
434,Koshurnikovo,100,RU,2020-10-25 16:42:46,84,54.17,93.3,24.314000000000032,1.54
435,Oktyabrskiy,100,RU,2020-10-25 16:42:46,88,54.48,53.47,42.92599999999999,5.13
436,Fort-shevchenko,100,KZ,2020-10-25 16:42:46,73,44.51,50.26,62.690000000000026,4.95
437,Khanpur,0,PK,2020-10-25 16:42:46,23,28.65,70.66,69.20600000000003,3.96
438,Luziania,40,BR,2020-10-25 16:42:46,54,-16.25,-47.95,80.86999999999996,5.7
439,Asfi,0,MA,2020-10-25 16:42:47,74,32.3,-9.24,65.35399999999996,5.13
440,Nova prata,43,BR,2020-10-25 16:42:47,63,-28.78,-51.61,79.26799999999999,3.13
441,Batamshinskiy,90,KZ,2020-10-25 16:42:47,93,50.56,58.27,53.86999999999996,9
442,Kumluca,34,TR,2020-10-25 16:40:48,37,36.37,30.29,76.49600000000005,1.89
443,Kato soulion,0,GR,2020-10-25 16:42:47,68,38.17,24,65.26400000000004,0.76
444,Nabire,95,ID,2020-10-25 16:42:47,86,-3.37,135.48,75.57799999999997,1.53
445,Verkhoturye,100,RU,2020-10-25 16:42:48,97,58.86,60.81,26.833999999999993,1.15
446,Basco,99,PH,2020-10-25 16:42:48,84,20.45,121.97,80.31199999999995,12.68
447,Puntarenas,75,CR,2020-10-25 16:42:48,83,9.98,-84.84,73.66999999999996,3.6
448,Bilibino,98,RU,2020-10-25 16:42:48,92,68.05,166.44,15.008000000000003,0.99
449,Saleaula,,,,,,,,
450,Port hardy,90,CA,2020-10-25 16:42:07,57,50.7,-127.42,41.26999999999996,2.1
451,Santa fe,34,AR,2020-10-25 16:42:48,73,-31.63,-60.7,77.26999999999995,0.89
452,Barranca,12,PE,2020-10-25 16:42:49,76,-10.75,-77.77,65.93000000000004,4.1
453,Bandarbeyla,1,SO,2020-10-25 16:38:44,78,9.49,50.81,76.226,5.59
454,Sorvag,,,,,,,,
455,Saint anthony,90,US,2020-10-25 16:42:49,86,45.02,-93.22,29.26400000000003,3.6
456,Maragogi,6,BR,2020-10-25 16:40:51,81,-9.01,-35.22,77.45,5.06
457,Zhireken,100,RU,2020-10-25 16:42:49,93,52.82,117.31,30.25399999999995,0.7
458,Dinguiraye,22,GN,2020-10-25 16:42:49,45,11.3,-10.72,75.00199999999998,0.92
459,Buraydah,0,SA,2020-10-25 16:40:44,22,26.33,43.98,68.26999999999995,3.71
460,Lolua,,,,,,,,
461,Katav-ivanovsk,100,RU,2020-10-25 16:42:50,93,54.75,58.2,39.43399999999999,0.79
462,Satitoa,,,,,,,,
463,Iki-burul,93,RU,2020-10-25 16:42:50,87,45.82,44.65,50.26999999999996,3
464,Sao jose da coroa grande,17,BR,2020-10-25 16:42:50,81,-8.9,-35.15,77.91799999999998,4.96
465,Susaki,0,JP,2020-10-25 16:42:50,54,33.37,133.28,54.10399999999996,2.28
466,Vostok,61,RU,2020-10-25 16:38:07,99,46.49,135.88,28.543999999999972,0.74
467,Itapirapua,66,BR,2020-10-25 16:42:51,58,-15.82,-50.61,85.17200000000004,1.48
468,Monchegorsk,66,RU,2020-10-25 16:42:51,95,67.94,32.87,22.60399999999995,2.37
469,Boa vista,40,BR,2020-10-25 16:42:51,37,2.82,-60.67,97.06999999999996,3.6
470,Farafenni,17,GM,2020-10-25 16:42:51,45,13.57,-15.6,85.60399999999996,2.6
471,Magadan,100,RU,2020-10-25 16:42:51,80,59.57,150.8,36.733999999999995,4.38
472,Portland,20,US,2020-10-25 16:41:02,26,45.52,-122.68,47.26400000000003,9.3
473,Noumea,0,NC,2020-10-25 16:41:25,69,-22.28,166.46,78.27799999999996,1
474,Metro,100,ID,2020-10-25 16:42:52,84,-5.11,105.31,74.78599999999997,2.97
475,Bianzhuang,91,CN,2020-10-25 16:42:52,63,34.85,118.04,53.81600000000001,1.01
476,San quintin,58,MX,2020-10-25 16:38:24,61,30.48,-115.95,70.15999999999998,6.06
477,Jawhar,100,SO,2020-10-25 16:42:52,83,2.78,45.5,78.368,3.79
478,Teguise,20,ES,2020-10-25 16:41:26,64,29.06,-13.56,70.06999999999996,6.2
479,Port lincoln,43,AU,2020-10-25 16:42:52,63,-34.73,135.87,52.196000000000055,6.66
480,Bud,90,US,2020-10-25 16:42:53,53,39.45,-86.18,52.069999999999965,2.6
481,Grudziadz,0,PL,2020-10-25 16:42:53,95,53.48,18.75,48.272000000000034,0.89
482,High level,20,CA,2020-10-25 16:38:29,37,58.52,-117.14,37.66999999999996,2.62
483,Cayenne,20,GF,2020-10-25 16:42:53,62,4.93,-52.33,88.06999999999996,5.1
484,Kachug,52,RU,2020-10-25 16:42:53,91,53.96,105.88,23.161999999999956,4.17
485,Iracoubo,5,GF,2020-10-25 16:38:42,78,5.48,-53.2,82.74199999999999,4.73
486,Palasa,0,IN,2020-10-25 16:42:53,75,18.77,84.42,74.67799999999997,1.84
487,Baruun-urt,0,MN,2020-10-25 16:38:17,82,46.68,113.28,33.817999999999984,4.82
488,Cherskiy,100,RU,2020-10-25 16:42:54,96,68.75,161.3,13.658000000000005,0.44
489,Carutapera,100,BR,2020-10-25 16:42:54,72,-1.2,-46.02,81.51799999999999,2.87
490,Gat,20,IL,2020-10-25 16:42:54,78,31.61,34.76,77.26999999999995,3.6
491,Sola,7,VU,2020-10-25 16:42:54,82,-13.88,167.55,80.27599999999998,8.14
492,Moses lake,1,US,2020-10-25 16:41:16,25,47.13,-119.28,39.469999999999956,4.6
493,Kruisfontein,100,ZA,2020-10-25 16:42:54,91,-34,24.73,62.27599999999999,5.43
494,Zhezkazgan,100,KZ,2020-10-25 16:42:55,48,47.8,67.71,50.522000000000034,7.89
495,Sinnamary,36,GF,2020-10-25 16:42:55,77,5.38,-52.95,82.56199999999995,4.52
496,Yar-sale,70,RU,2020-10-25 16:33:02,96,66.83,70.83,11.966000000000008,4.56
497,Westport,100,US,2020-10-25 16:40:06,62,41.14,-73.36,52.26799999999999,3.03
498,Bayan,0,CN,2020-10-25 16:42:55,85,46.08,127.4,35.67200000000004,0.36
499,Taybad,0,IR,2020-10-25 16:42:55,50,34.74,60.78,45.266000000000005,1.36
500,Lalsot,0,IN,2020-10-25 16:42:56,36,26.57,76.33,75.46999999999997,1.68
501,Atar,100,MR,2020-10-25 16:40:16,13,20.52,-13.05,92.22799999999997,3.7
502,Cosautlan,43,MX,2020-10-25 16:42:56,61,19.33,-96.98,76.26199999999996,2.43
503,Palauig,100,PH,2020-10-25 16:42:56,77,15.44,119.9,81.57200000000003,5.75
504,Tivaouane,0,SN,2020-10-25 16:42:56,74,14.95,-16.81,82.66999999999996,3.6
505,Erenhot,19,CN,2020-10-25 16:42:56,59,43.65,111.98,43.016000000000005,7.8
506,Walvis bay,0,NA,2020-10-25 16:40:22,82,-22.96,14.51,59.26999999999996,3.6
507,Seymchan,100,RU,2020-10-25 16:42:56,96,62.88,152.43,22.783999999999992,3.14
508,Temir,100,KZ,2020-10-25 16:42:57,83,49.14,57.13,55.45399999999995,8.65
509,Oranjestad,20,AW,2020-10-25 16:39:25,74,12.52,-70.03,86.26999999999995,8.7
510,Gurupa,21,BR,2020-10-25 16:42:57,53,-1.41,-51.64,88.23200000000003,1.18
511,Puerto rico,45,AR,2020-10-25 16:42:57,31,-26.8,-55.02,95.09000000000003,1.06
512,Bairnsdale,76,AU,2020-10-25 16:42:57,80,-37.83,147.62,54.266000000000005,0.45
513,Quatre cocos,75,MU,2020-10-25 16:42:57,83,-20.21,57.76,72.26600000000002,6.7
514,Stoyba,,,,,,,,
515,Coahuayana,40,MX,2020-10-25 16:42:58,66,18.73,-103.68,86.26999999999995,4.1
516,Plettenberg bay,100,ZA,2020-10-25 16:42:58,89,-34.05,23.37,62.67200000000004,4.62
517,Pavlodar,90,KZ,2020-10-25 16:42:58,93,52.3,76.95,41.26999999999996,4
518,Kondinskoye,100,RU,2020-10-25 16:42:58,98,59.65,67.41,30.091999999999995,2.09
519,Almaznyy,0,RU,2020-10-25 16:42:58,76,48.04,40.05,52.069999999999965,2
520,Bendigo,61,AU,2020-10-25 16:40:04,58,-36.77,144.28,48.272000000000034,1.34
521,Kijang,0,KR,2020-10-25 16:42:58,76,35.24,129.21,48.469999999999956,2.1
522,Inhuma,39,BR,2020-10-25 16:38:20,41,-6.67,-41.71,86.28800000000004,1.54
523,Fort nelson,75,CA,2020-10-25 16:39:54,58,58.81,-122.7,25.069999999999958,2.6
524,Farakka,0,IN,2020-10-25 16:42:59,83,24.82,87.9,73.56199999999995,0.09
525,Hobyo,0,SO,2020-10-25 16:40:34,82,5.35,48.53,79.88000000000005,4.49
526,Marsala,40,IT,2020-10-25 16:42:59,87,37.8,12.44,61.069999999999965,3.1
527,Kitoy,0,RU,2020-10-25 16:42:59,79,52.6,103.9,21.469999999999956,4
528,San policarpo,100,PH,2020-10-25 16:42:59,82,12.18,125.51,80.99600000000005,7.69
529,Mazamari,93,PE,2020-10-25 16:43:00,42,-11.33,-74.53,90.23000000000005,1.5
530,Raudeberg,32,NO,2020-10-25 16:43:00,80,61.99,5.14,48.272000000000034,9.82
531,Flinders,100,AU,2020-10-25 16:43:00,79,-34.58,150.86,59.26999999999996,4.02
532,Thai nguyen,75,VN,2020-10-25 16:43:00,78,21.59,105.84,71.86999999999996,2.1
533,Zabinka,,,,,,,,
534,Malartic,90,CA,2020-10-25 16:43:00,64,48.13,-78.13,34.26799999999999,3.1
535,Luderitz,71,NA,2020-10-25 16:43:00,51,-26.65,15.16,66.38000000000005,10.77
536,Boende,99,CD,2020-10-25 16:43:01,97,-0.22,20.87,72.80600000000004,0.93
537,Carahue,40,CL,2020-10-25 16:43:01,58,-38.7,-73.17,59.26999999999996,5.1
538,Am timan,93,TD,2020-10-25 16:43:01,34,11.03,20.28,79.21400000000003,0.44
539,Nkoyaphiri,0,BW,2020-10-25 16:43:01,30,-24.63,25.83,80.86999999999996,1.5
540,Saint-louis,0,SN,2020-10-25 16:43:01,11,16.33,-15,94.24399999999997,2.76
541,Ponta do sol,20,PT,2020-10-25 16:43:01,72,32.67,-17.1,66.46999999999997,1
542,Coruripe,10,BR,2020-10-25 16:38:15,79,-10.13,-36.18,78.22400000000002,7.65
543,Lamar,90,US,2020-10-25 16:43:02,82,33.67,-95.58,57.272000000000034,4.6
544,Bibiani,99,GH,2020-10-25 16:43:02,94,6.46,-2.32,73.47200000000004,0.68
545,Ust-kamchatsk,,,,,,,,
546,Babanusah,,,,,,,,
547,Ndioum,0,SN,2020-10-25 16:43:02,10,16.51,-14.65,96.58399999999999,3.71
548,Stykkisholmur,100,IS,2020-10-25 16:43:02,82,65.08,-22.73,41.86400000000003,6.76
549,Sadovo,75,BG,2020-10-25 16:43:03,87,42.13,24.93,58.26199999999996,1.5
550,Brownsville,75,US,2020-10-25 16:42:36,62,25.9,-97.5,88.06999999999996,7.2
551,Trairi,66,BR,2020-10-25 16:43:03,75,-3.28,-39.27,80.58200000000002,5.32
552,Kavieng,100,PG,2020-10-25 16:43:03,73,-2.57,150.8,82.75999999999999,1.81
553,Tessalit,0,ML,2020-10-25 16:43:03,15,20.2,1.01,81.03200000000001,4.03
554,General roca,0,AR,2020-10-25 16:43:03,19,-39.03,-67.58,68.26999999999995,7.2
555,Skalistyy,,,,,,,,
556,Oyama,40,JP,2020-10-25 16:40:57,93,36.3,139.8,60.27799999999996,0.5
557,Talnakh,75,RU,2020-10-25 16:38:24,85,69.49,88.4,10.669999999999959,5
558,Kunming,0,CN,2020-10-25 16:43:04,100,25.04,102.72,59.26999999999996,2
559,Hurghada,0,EG,2020-10-25 16:43:04,50,27.26,33.81,76.90999999999998,6.75
560,Stornoway,62,GB,2020-10-25 16:43:04,87,58.21,-6.39,50.26999999999996,7.7
561,Bur gabo,,,,,,,,
562,Gazojak,7,TM,2020-10-25 16:43:04,42,41.19,61.4,52.538000000000046,4.42
563,La romana,20,DO,2020-10-25 16:39:13,70,18.43,-68.97,86.26999999999995,5.7
564,Peniche,83,PT,2020-10-25 16:40:00,74,39.36,-9.38,60.27799999999996,4.92
565,Garowe,1,SO,2020-10-25 16:43:05,47,8.41,48.48,77.21600000000001,5.73
566,Belica,85,BG,2020-10-25 16:43:05,89,41.96,23.57,50.26999999999996,1.12
567,Marsabit,9,KE,2020-10-25 16:43:05,59,2.33,37.99,72.80600000000004,7.22
568,Dombarovskiy,100,RU,2020-10-25 16:43:06,88,50.76,59.54,52.538000000000046,7.22
569,Barcelos,40,PT,2020-10-25 16:43:06,87,41.54,-8.62,52.26799999999999,2.1
570,Dolbeau,,,,,,,,
571,Jacareacanga,82,BR,2020-10-25 16:43:06,49,-6.22,-57.75,90.75199999999998,0.48
572,Maputo,20,MZ,2020-10-25 16:43:06,83,-25.97,32.59,75.46999999999997,1.5
573,Alta floresta,100,BR,2020-10-25 16:43:06,51,-9.88,-56.09,88.41199999999995,1.07
574,Bayevo,100,RU,2020-10-25 16:43:06,87,53.28,80.77,37.79600000000005,7.68
575,Rosarito,75,MX,2020-10-25 16:38:22,52,32.33,-117.03,70.06999999999996,7.7
576,Acari,0,PE,2020-10-25 16:43:07,44,-15.43,-74.62,74.13800000000005,4.24
577,Vaitupu,,,,,,,,
578,Pedro ii,66,BR,2020-10-25 16:43:07,41,-4.42,-41.46,84.93800000000005,2.31
579,Pelhrimov,20,CZ,2020-10-25 16:43:07,93,49.43,15.22,49.26199999999996,1.34
580,Svetlyy,0,RU,2020-10-25 16:41:21,87,54.67,20.13,52.069999999999965,4
581,Palmer,75,US,2020-10-25 16:42:14,61,42.16,-72.33,53.27599999999999,3.6
582,Karauzyak,,,,,,,,
583,Wayne,90,US,2020-10-25 16:43:08,52,42.25,-83.28,49.26199999999996,5.1
584,Killybegs,90,IE,2020-10-25 16:41:00,87,54.63,-8.45,50.26999999999996,12.3
585,Tirthahalli,94,IN,2020-10-25 16:43:08,99,13.7,75.23,68.558,0.71
586,Ostrovnoy,99,RU,2020-10-25 16:43:08,92,68.05,39.51,32.575999999999986,3.63
587,Tomatlan,12,MX,2020-10-25 16:43:08,70,19.93,-105.25,89.02400000000002,4.26
588,Tagusao,100,PH,2020-10-25 16:43:08,81,9.19,117.81,80.042,6.3
589,Asyut,0,EG,2020-10-25 16:43:08,53,27.18,31.18,71.86999999999996,5.1
590,Chalinze,0,TZ,2020-10-25 16:43:08,86,-6.64,38.35,72.82400000000001,0.11
591,Maturin,25,VE,2020-10-25 16:43:09,83,9.75,-63.18,80.79800000000003,3.65
592,Leh,90,IN,2020-10-25 16:38:17,86,34.17,77.58,27.608000000000004,0.79
593,Cedar city,90,US,2020-10-25 16:43:09,56,37.68,-113.06,43.06999999999996,5.7
594,Dahegam,0,IN,2020-10-25 16:43:09,65,23.17,72.82,77.26999999999995,2.58
595,Kirkuk,72,IQ,2020-10-25 16:43:09,25,35.47,44.39,64.94000000000003,1.56
596,Solovetskiy,,,,,,,,
597,Kimbe,76,PG,2020-10-25 16:43:09,83,-5.55,150.14,78.89000000000001,1.62
598,Yeppoon,90,AU,2020-10-25 16:41:32,94,-23.13,150.73,70.06999999999996,1.5
599,Arandis,64,NA,2020-10-25 16:43:10,91,-22.42,14.97,59.26999999999996,0.89
600,Vrangel,0,RU,2020-10-25 16:43:10,67,42.73,133.08,44.024000000000015,4.79
601,Zabaykalsk,80,RU,2020-10-25 16:43:10,94,49.63,117.32,28.922000000000036,0.56
